{
  "baseline_linear": {
    "overall": {
      "auprc": 0.22310202662297507,
      "best_f1": 0.3462326198580742,
      "n_pos": 180697,
      "n_total": 38881080
    },
    "new_onset": {
      "auprc": 0.02895573028342384,
      "best_f1": 0.09219074983382292,
      "n_pos": 98816,
      "n_total": 38581200
    }
  }
}