{
  "foundation": {
    "overall": {
      "auprc": 0.08934028324567554,
      "best_f1": 0.17324561052545664,
      "n_pos": 180697,
      "n_total": 38881080
    },
    "new_onset": {
      "auprc": 0.036540042579817,
      "best_f1": 0.09265604522271872,
      "n_pos": 98816,
      "n_total": 38581200
    }
  },
  "marginal": {
    "overall": {
      "auprc": 0.08056227177820201,
      "best_f1": 0.1673260927120973,
      "n_pos": 180697,
      "n_total": 38881080
    },
    "new_onset": {
      "auprc": 0.03090637120737849,
      "best_f1": 0.08306784297344069,
      "n_pos": 98816,
      "n_total": 38581200
    }
  },
  "repeat": {
    "overall": {
      "auprc": 0.16070690780672925,
      "best_f1": 0.3965131768116282,
      "n_pos": 180697,
      "n_total": 38881080
    },
    "new_onset": {
      "auprc": 0.0025612474469430707,
      "best_f1": 0.00510940843457769,
      "n_pos": 98816,
      "n_total": 38581200
    }
  }
}