{
  "foundation": {
    "overall": {
      "auprc": 0.36082650175984277,
      "best_f1": 0.39404328736216954,
      "n_pos": 180697,
      "n_total": 38881080
    },
    "new_onset": {
      "auprc": 0.16841556940300456,
      "best_f1": 0.23276503166384133,
      "n_pos": 98816,
      "n_total": 38581200
    }
  },
  "marginal": {
    "overall": {
      "auprc": 0.08056227177820201,
      "best_f1": 0.1673260927120973,
      "n_pos": 180697,
      "n_total": 38881080
    },
    "new_onset": {
      "auprc": 0.03090637120737849,
      "best_f1": 0.08306784297344069,
      "n_pos": 98816,
      "n_total": 38581200
    }
  },
  "repeat": {
    "overall": {
      "auprc": 0.16070690780672925,
      "best_f1": 0.3965131768116282,
      "n_pos": 180697,
      "n_total": 38881080
    },
    "new_onset": {
      "auprc": 0.0025612474469430707,
      "best_f1": 0.00510940843457769,
      "n_pos": 98816,
      "n_total": 38581200
    }
  }
}